-- Auto-generated by scripts/build_reference_data.py
PRAGMA foreign_keys = ON;

BEGIN TRANSACTION;

INSERT OR IGNORE INTO Regions (RegionId, CountryId, Name) VALUES
('REGION_DEFAULT', 'COUNTRY_DEFAULT', 'Global'),
('REGION_COUNTRY_ABKHAZIA_OTHER', 'COUNTRY_ABKHAZIA', 'Other'),
('REGION_COUNTRY_AFGHANISTAN_OTHER', 'COUNTRY_AFGHANISTAN', 'Other'),
('REGION_COUNTRY_ALBANIA_OTHER', 'COUNTRY_ALBANIA', 'Other'),
('REGION_COUNTRY_ALGERIA_OTHER', 'COUNTRY_ALGERIA', 'Other'),
('REGION_COUNTRY_AMERICAN_SAMOA_OTHER', 'COUNTRY_AMERICAN_SAMOA', 'Other'),
('REGION_COUNTRY_ANDORRA_OTHER', 'COUNTRY_ANDORRA', 'Other'),
('REGION_COUNTRY_ANGOLA_OTHER', 'COUNTRY_ANGOLA', 'Other'),
('REGION_COUNTRY_ANGUILLA_OTHER', 'COUNTRY_ANGUILLA', 'Other'),
('REGION_COUNTRY_ANTIGUA_AND_BARBUDA_OTHER', 'COUNTRY_ANTIGUA_AND_BARBUDA', 'Other'),
('REGION_COUNTRY_ARGENTINA_BUENOS_AIRES', 'COUNTRY_ARGENTINA', 'Buenos Aires'),
('REGION_COUNTRY_ARGENTINA_CORDOBA', 'COUNTRY_ARGENTINA', 'Córdoba'),
('REGION_COUNTRY_ARGENTINA_LA_PLATA', 'COUNTRY_ARGENTINA', 'La Plata'),
('REGION_COUNTRY_ARGENTINA_MAR_DEL_PLATA', 'COUNTRY_ARGENTINA', 'Mar del Plata'),
('REGION_COUNTRY_ARGENTINA_ROSARIO', 'COUNTRY_ARGENTINA', 'Rosario'),
('REGION_COUNTRY_ARMENIA_OTHER', 'COUNTRY_ARMENIA', 'Other'),
('REGION_COUNTRY_ARUBA_OTHER', 'COUNTRY_ARUBA', 'Other'),
('REGION_COUNTRY_AUSTRALIA_AUSTRALIAN_CAPITAL_TERRITORY', 'COUNTRY_AUSTRALIA', 'Australian Capital Territory'),
('REGION_COUNTRY_AUSTRALIA_NEW_SOUTH_WALES', 'COUNTRY_AUSTRALIA', 'New South Wales'),
('REGION_COUNTRY_AUSTRALIA_QUEENSLAND', 'COUNTRY_AUSTRALIA', 'Queensland'),
('REGION_COUNTRY_AUSTRALIA_SOUTH_AUSTRALIA', 'COUNTRY_AUSTRALIA', 'South Australia'),
('REGION_COUNTRY_AUSTRALIA_TASMANIA', 'COUNTRY_AUSTRALIA', 'Tasmania'),
('REGION_COUNTRY_AUSTRALIA_VICTORIA', 'COUNTRY_AUSTRALIA', 'Victoria'),
('REGION_COUNTRY_AUSTRALIA_WESTERN_AUSTRALIA', 'COUNTRY_AUSTRALIA', 'Western Australia'),
('REGION_COUNTRY_AUSTRIA_LOWER_AUSTRIA', 'COUNTRY_AUSTRIA', 'Lower Austria'),
('REGION_COUNTRY_AUSTRIA_STYRIA', 'COUNTRY_AUSTRIA', 'Styria'),
('REGION_COUNTRY_AUSTRIA_UPPER_AUSTRIA', 'COUNTRY_AUSTRIA', 'Upper Austria'),
('REGION_COUNTRY_AUSTRIA_VIENNA', 'COUNTRY_AUSTRIA', 'Vienna'),
('REGION_COUNTRY_AZERBAIJAN_OTHER', 'COUNTRY_AZERBAIJAN', 'Other'),
('REGION_COUNTRY_BAHAMAS_OTHER', 'COUNTRY_BAHAMAS', 'Other'),
('REGION_COUNTRY_BAHRAIN_OTHER', 'COUNTRY_BAHRAIN', 'Other'),
('REGION_COUNTRY_BANGLADESH_OTHER', 'COUNTRY_BANGLADESH', 'Other'),
('REGION_COUNTRY_BARBADOS_OTHER', 'COUNTRY_BARBADOS', 'Other'),
('REGION_COUNTRY_BELARUS_OTHER', 'COUNTRY_BELARUS', 'Other'),
('REGION_COUNTRY_BELGIUM_ANTWERP_PROVINCE', 'COUNTRY_BELGIUM', 'Antwerp Province'),
('REGION_COUNTRY_BELGIUM_BRUSSELS_CAPITAL_REGION', 'COUNTRY_BELGIUM', 'Brussels Capital Region'),
('REGION_COUNTRY_BELGIUM_EAST_FLANDERS', 'COUNTRY_BELGIUM', 'East Flanders'),
('REGION_COUNTRY_BELGIUM_FLEMISH_BRABANT', 'COUNTRY_BELGIUM', 'Flemish Brabant'),
('REGION_COUNTRY_BELGIUM_HAINAUT_PROVINCE', 'COUNTRY_BELGIUM', 'Hainaut Province'),
('REGION_COUNTRY_BELGIUM_LIEGE_PROVINCE', 'COUNTRY_BELGIUM', 'Liège Province'),
('REGION_COUNTRY_BELGIUM_LIMBURG', 'COUNTRY_BELGIUM', 'Limburg'),
('REGION_COUNTRY_BELGIUM_NAMUR_PROVINCE', 'COUNTRY_BELGIUM', 'Namur Province'),
('REGION_COUNTRY_BELGIUM_WALLOON_BRABANT', 'COUNTRY_BELGIUM', 'Walloon Brabant'),
('REGION_COUNTRY_BELGIUM_WEST_FLANDERS', 'COUNTRY_BELGIUM', 'West Flanders'),
('REGION_COUNTRY_BELIZE_OTHER', 'COUNTRY_BELIZE', 'Other'),
('REGION_COUNTRY_BENIN_OTHER', 'COUNTRY_BENIN', 'Other'),
('REGION_COUNTRY_BERMUDA_OTHER', 'COUNTRY_BERMUDA', 'Other'),
('REGION_COUNTRY_BHUTAN_OTHER', 'COUNTRY_BHUTAN', 'Other'),
('REGION_COUNTRY_BOLIVIA_OTHER', 'COUNTRY_BOLIVIA', 'Other'),
('REGION_COUNTRY_BOSNIA_AND_HERZEGOVINA_OTHER', 'COUNTRY_BOSNIA_AND_HERZEGOVINA', 'Other'),
('REGION_COUNTRY_BOTSWANA_OTHER', 'COUNTRY_BOTSWANA', 'Other'),
('REGION_COUNTRY_BRAZIL_ACRE', 'COUNTRY_BRAZIL', 'Acre'),
('REGION_COUNTRY_BRAZIL_ALAGOAS', 'COUNTRY_BRAZIL', 'Alagoas'),
('REGION_COUNTRY_BRAZIL_AMAPA', 'COUNTRY_BRAZIL', 'Amapá'),
('REGION_COUNTRY_BRAZIL_AMAZONAS', 'COUNTRY_BRAZIL', 'Amazonas'),
('REGION_COUNTRY_BRAZIL_BAHIA', 'COUNTRY_BRAZIL', 'Bahia'),
('REGION_COUNTRY_BRAZIL_CEARA', 'COUNTRY_BRAZIL', 'Ceará'),
('REGION_COUNTRY_BRAZIL_ESPIRITO_SANTO', 'COUNTRY_BRAZIL', 'Espírito Santo'),
('REGION_COUNTRY_BRAZIL_FEDERAL_DISTRICT', 'COUNTRY_BRAZIL', 'Federal District'),
('REGION_COUNTRY_BRAZIL_GOIAS', 'COUNTRY_BRAZIL', 'Goiás'),
('REGION_COUNTRY_BRAZIL_MARANHAO', 'COUNTRY_BRAZIL', 'Maranhão'),
('REGION_COUNTRY_BRAZIL_MATO_GROSSO', 'COUNTRY_BRAZIL', 'Mato Grosso'),
('REGION_COUNTRY_BRAZIL_MATO_GROSSO_DO_SUL', 'COUNTRY_BRAZIL', 'Mato Grosso do Sul'),
('REGION_COUNTRY_BRAZIL_MINAS_GERAIS', 'COUNTRY_BRAZIL', 'Minas Gerais'),
('REGION_COUNTRY_BRAZIL_PARA', 'COUNTRY_BRAZIL', 'Pará'),
('REGION_COUNTRY_BRAZIL_PARAIBA', 'COUNTRY_BRAZIL', 'Paraíba'),
('REGION_COUNTRY_BRAZIL_PARANA', 'COUNTRY_BRAZIL', 'Paraná'),
('REGION_COUNTRY_BRAZIL_PERNAMBUCO', 'COUNTRY_BRAZIL', 'Pernambuco'),
('REGION_COUNTRY_BRAZIL_PIAUI', 'COUNTRY_BRAZIL', 'Piauí'),
('REGION_COUNTRY_BRAZIL_RIO_DE_JANEIRO', 'COUNTRY_BRAZIL', 'Rio de Janeiro'),
('REGION_COUNTRY_BRAZIL_RIO_GRANDE_DO_NORTE', 'COUNTRY_BRAZIL', 'Rio Grande do Norte'),
('REGION_COUNTRY_BRAZIL_RIO_GRANDE_DO_SUL', 'COUNTRY_BRAZIL', 'Rio Grande do Sul'),
('REGION_COUNTRY_BRAZIL_RONDONIA', 'COUNTRY_BRAZIL', 'Rondônia'),
('REGION_COUNTRY_BRAZIL_RORAIMA', 'COUNTRY_BRAZIL', 'Roraima'),
('REGION_COUNTRY_BRAZIL_SANTA_CATARINA', 'COUNTRY_BRAZIL', 'Santa Catarina'),
('REGION_COUNTRY_BRAZIL_SAO_PAULO', 'COUNTRY_BRAZIL', 'São Paulo'),
('REGION_COUNTRY_BRAZIL_SERGIPE', 'COUNTRY_BRAZIL', 'Sergipe'),
('REGION_COUNTRY_BRAZIL_TOCANTINS', 'COUNTRY_BRAZIL', 'Tocantins'),
('REGION_COUNTRY_BRITISH_VIRGIN_ISLANDS_OTHER', 'COUNTRY_BRITISH_VIRGIN_ISLANDS', 'Other'),
('REGION_COUNTRY_BRUNEI_OTHER', 'COUNTRY_BRUNEI', 'Other'),
('REGION_COUNTRY_BULGARIA_OTHER', 'COUNTRY_BULGARIA', 'Other'),
('REGION_COUNTRY_BURKINA_FASO_OTHER', 'COUNTRY_BURKINA_FASO', 'Other'),
('REGION_COUNTRY_BURUNDI_OTHER', 'COUNTRY_BURUNDI', 'Other'),
('REGION_COUNTRY_CAMBODIA_OTHER', 'COUNTRY_CAMBODIA', 'Other'),
('REGION_COUNTRY_CAMEROON_OTHER', 'COUNTRY_CAMEROON', 'Other'),
('REGION_COUNTRY_CANADA_ALBERTA', 'COUNTRY_CANADA', 'Alberta'),
('REGION_COUNTRY_CANADA_BRITISH_COLUMBIA', 'COUNTRY_CANADA', 'British Columbia'),
('REGION_COUNTRY_CANADA_MANITOBA', 'COUNTRY_CANADA', 'Manitoba'),
('REGION_COUNTRY_CANADA_NEW_BRUNSWICK', 'COUNTRY_CANADA', 'New Brunswick'),
('REGION_COUNTRY_CANADA_NEWFOUNDLAND_AND_LABRADOR', 'COUNTRY_CANADA', 'Newfoundland and Labrador'),
('REGION_COUNTRY_CANADA_NORTHWEST_TERRITORIES', 'COUNTRY_CANADA', 'Northwest Territories'),
('REGION_COUNTRY_CANADA_NOVA_SCOTIA', 'COUNTRY_CANADA', 'Nova Scotia'),
('REGION_COUNTRY_CANADA_NUNAVUT', 'COUNTRY_CANADA', 'Nunavut'),
('REGION_COUNTRY_CANADA_ONTARIO', 'COUNTRY_CANADA', 'Ontario'),
('REGION_COUNTRY_CANADA_PRINCE_EDWARD_ISLAND', 'COUNTRY_CANADA', 'Prince Edward Island'),
('REGION_COUNTRY_CANADA_QUEBEC', 'COUNTRY_CANADA', 'Quebec'),
('REGION_COUNTRY_CANADA_SASKATCHEWAN', 'COUNTRY_CANADA', 'Saskatchewan'),
('REGION_COUNTRY_CANADA_YUKON', 'COUNTRY_CANADA', 'Yukon'),
('REGION_COUNTRY_CAPE_VERDE_OTHER', 'COUNTRY_CAPE_VERDE', 'Other'),
('REGION_COUNTRY_CAYMAN_ISLANDS_OTHER', 'COUNTRY_CAYMAN_ISLANDS', 'Other'),
('REGION_COUNTRY_CENTRAL_AFRICAN_REPUBLIC_OTHER', 'COUNTRY_CENTRAL_AFRICAN_REPUBLIC', 'Other'),
('REGION_COUNTRY_CHAD_OTHER', 'COUNTRY_CHAD', 'Other'),
('REGION_COUNTRY_CHILE_ARAUCANIA_REGION', 'COUNTRY_CHILE', 'Araucanía Region'),
('REGION_COUNTRY_CHILE_BIOBIO_REGION', 'COUNTRY_CHILE', 'Biobío Region'),
('REGION_COUNTRY_CHILE_MAULE_REGION', 'COUNTRY_CHILE', 'Maule Region'),
('REGION_COUNTRY_CHILE_SANTIAGO_METROPOLITAN_REGION', 'COUNTRY_CHILE', 'Santiago Metropolitan Region'),
('REGION_COUNTRY_CHILE_VALPARAISO_REGION', 'COUNTRY_CHILE', 'Valparaíso Region'),
('REGION_COUNTRY_CHINA_BEIJING', 'COUNTRY_CHINA', 'Beijing'),
('REGION_COUNTRY_CHINA_CHONGQING', 'COUNTRY_CHINA', 'Chongqing'),
('REGION_COUNTRY_CHRISTMAS_ISLAND_OTHER', 'COUNTRY_CHRISTMAS_ISLAND', 'Other'),
('REGION_COUNTRY_COCOS_KEELING_ISLANDS_OTHER', 'COUNTRY_COCOS_KEELING_ISLANDS', 'Other'),
('REGION_COUNTRY_COLOMBIA_BARRANQUILLA', 'COUNTRY_COLOMBIA', 'Barranquilla'),
('REGION_COUNTRY_COLOMBIA_BOGOTA', 'COUNTRY_COLOMBIA', 'Bogotá'),
('REGION_COUNTRY_COLOMBIA_CALI', 'COUNTRY_COLOMBIA', 'Cali'),
('REGION_COUNTRY_COLOMBIA_MEDELLIN', 'COUNTRY_COLOMBIA', 'Medellín'),
('REGION_COUNTRY_COMOROS_OTHER', 'COUNTRY_COMOROS', 'Other'),
('REGION_COUNTRY_CONGO_OTHER', 'COUNTRY_CONGO', 'Other'),
('REGION_COUNTRY_COOK_ISLANDS_OTHER', 'COUNTRY_COOK_ISLANDS', 'Other'),
('REGION_COUNTRY_COSTA_RICA_OTHER', 'COUNTRY_COSTA_RICA', 'Other'),
('REGION_COUNTRY_CROATIA_OTHER', 'COUNTRY_CROATIA', 'Other'),
('REGION_COUNTRY_CUBA_CAMAGUEY', 'COUNTRY_CUBA', 'Camagüey'),
('REGION_COUNTRY_CUBA_HAVANA', 'COUNTRY_CUBA', 'Havana'),
('REGION_COUNTRY_CUBA_SANTIAGO_DE_CUBA', 'COUNTRY_CUBA', 'Santiago de Cuba'),
('REGION_COUNTRY_CURACAO_OTHER', 'COUNTRY_CURACAO', 'Other'),
('REGION_COUNTRY_CYPRUS_OTHER', 'COUNTRY_CYPRUS', 'Other'),
('REGION_COUNTRY_CZECHIA_OTHER', 'COUNTRY_CZECHIA', 'Other'),
('REGION_COUNTRY_DENMARK_OTHER', 'COUNTRY_DENMARK', 'Other'),
('REGION_COUNTRY_DJIBOUTI_OTHER', 'COUNTRY_DJIBOUTI', 'Other'),
('REGION_COUNTRY_DOMINICA_OTHER', 'COUNTRY_DOMINICA', 'Other'),
('REGION_COUNTRY_DOMINICAN_REPUBLIC_OTHER', 'COUNTRY_DOMINICAN_REPUBLIC', 'Other'),
('REGION_COUNTRY_DR_CONGO_OTHER', 'COUNTRY_DR_CONGO', 'Other'),
('REGION_COUNTRY_EAST_TIMOR_OTHER', 'COUNTRY_EAST_TIMOR', 'Other'),
('REGION_COUNTRY_ECUADOR_GUAYAQUIL', 'COUNTRY_ECUADOR', 'Guayaquil'),
('REGION_COUNTRY_EGYPT_OTHER', 'COUNTRY_EGYPT', 'Other'),
('REGION_COUNTRY_EL_SALVADOR_OTHER', 'COUNTRY_EL_SALVADOR', 'Other'),
('REGION_COUNTRY_ENGLAND_ACCRINGTON', 'COUNTRY_ENGLAND', 'Accrington'),
('REGION_COUNTRY_ENGLAND_BARNSLEY', 'COUNTRY_ENGLAND', 'Barnsley'),
('REGION_COUNTRY_ENGLAND_BARROW_IN_FURNESS', 'COUNTRY_ENGLAND', 'Barrow-in-Furness'),
('REGION_COUNTRY_ENGLAND_BATH', 'COUNTRY_ENGLAND', 'Bath'),
('REGION_COUNTRY_ENGLAND_BIRMINGHAM', 'COUNTRY_ENGLAND', 'Birmingham'),
('REGION_COUNTRY_ENGLAND_BLACKBURN', 'COUNTRY_ENGLAND', 'Blackburn'),
('REGION_COUNTRY_ENGLAND_BLACKPOOL', 'COUNTRY_ENGLAND', 'Blackpool'),
('REGION_COUNTRY_ENGLAND_BOLTON', 'COUNTRY_ENGLAND', 'Bolton'),
('REGION_COUNTRY_ENGLAND_BOURNEMOUTH', 'COUNTRY_ENGLAND', 'Bournemouth'),
('REGION_COUNTRY_ENGLAND_BRADFORD', 'COUNTRY_ENGLAND', 'Bradford'),
('REGION_COUNTRY_ENGLAND_BRIGHTON_AND_HOVE', 'COUNTRY_ENGLAND', 'Brighton and Hove'),
('REGION_COUNTRY_ENGLAND_BRISTOL', 'COUNTRY_ENGLAND', 'Bristol'),
('REGION_COUNTRY_ENGLAND_BURNLEY', 'COUNTRY_ENGLAND', 'Burnley'),
('REGION_COUNTRY_ENGLAND_BURTON_UPON_TRENT', 'COUNTRY_ENGLAND', 'Burton upon Trent'),
('REGION_COUNTRY_ENGLAND_CAMBRIDGE', 'COUNTRY_ENGLAND', 'Cambridge'),
('REGION_COUNTRY_ENGLAND_CANTERBURY', 'COUNTRY_ENGLAND', 'Canterbury'),
('REGION_COUNTRY_ENGLAND_CARLISLE', 'COUNTRY_ENGLAND', 'Carlisle'),
('REGION_COUNTRY_ENGLAND_CHELMSFORD', 'COUNTRY_ENGLAND', 'Chelmsford'),
('REGION_COUNTRY_ENGLAND_CHELTENHAM', 'COUNTRY_ENGLAND', 'Cheltenham'),
('REGION_COUNTRY_ENGLAND_CHESTER', 'COUNTRY_ENGLAND', 'Chester'),
('REGION_COUNTRY_ENGLAND_CHICHESTER', 'COUNTRY_ENGLAND', 'Chichester'),
('REGION_COUNTRY_ENGLAND_CLEETHORPES', 'COUNTRY_ENGLAND', 'Cleethorpes'),
('REGION_COUNTRY_ENGLAND_COLCHESTER', 'COUNTRY_ENGLAND', 'Colchester'),
('REGION_COUNTRY_ENGLAND_COVENTRY', 'COUNTRY_ENGLAND', 'Coventry'),
('REGION_COUNTRY_ENGLAND_CRAWLEY', 'COUNTRY_ENGLAND', 'Crawley'),
('REGION_COUNTRY_ENGLAND_CREWE', 'COUNTRY_ENGLAND', 'Crewe'),
('REGION_COUNTRY_ENGLAND_DERBY', 'COUNTRY_ENGLAND', 'Derby'),
('REGION_COUNTRY_ENGLAND_DONCASTER', 'COUNTRY_ENGLAND', 'Doncaster'),
('REGION_COUNTRY_ENGLAND_DUDLEY', 'COUNTRY_ENGLAND', 'Dudley'),
('REGION_COUNTRY_ENGLAND_DURHAM', 'COUNTRY_ENGLAND', 'Durham'),
('REGION_COUNTRY_ENGLAND_ELY', 'COUNTRY_ENGLAND', 'Ely'),
('REGION_COUNTRY_ENGLAND_ESSEX', 'COUNTRY_ENGLAND', 'Essex'),
('REGION_COUNTRY_ENGLAND_EXETER', 'COUNTRY_ENGLAND', 'Exeter'),
('REGION_COUNTRY_ENGLAND_FLEETWOOD', 'COUNTRY_ENGLAND', 'Fleetwood'),
('REGION_COUNTRY_ENGLAND_GILLINGHAM', 'COUNTRY_ENGLAND', 'Gillingham'),
('REGION_COUNTRY_ENGLAND_GLOUCESTER', 'COUNTRY_ENGLAND', 'Gloucester'),
('REGION_COUNTRY_ENGLAND_GREAT_YARMOUTH', 'COUNTRY_ENGLAND', 'Great Yarmouth'),
('REGION_COUNTRY_ENGLAND_HARROGATE', 'COUNTRY_ENGLAND', 'Harrogate'),
('REGION_COUNTRY_ENGLAND_HEREFORD', 'COUNTRY_ENGLAND', 'Hereford'),
('REGION_COUNTRY_ENGLAND_HIGH_WYCOMBE', 'COUNTRY_ENGLAND', 'High Wycombe'),
('REGION_COUNTRY_ENGLAND_HUDDERSFIELD', 'COUNTRY_ENGLAND', 'Huddersfield'),
('REGION_COUNTRY_ENGLAND_HULL', 'COUNTRY_ENGLAND', 'Hull'),
('REGION_COUNTRY_ENGLAND_IPSWICH', 'COUNTRY_ENGLAND', 'Ipswich'),
('REGION_COUNTRY_ENGLAND_ISLE_OF_SHEPPEY', 'COUNTRY_ENGLAND', 'Isle of Sheppey'),
('REGION_COUNTRY_ENGLAND_JERSEY', 'COUNTRY_ENGLAND', 'Jersey'),
('REGION_COUNTRY_ENGLAND_KINGS_LYNN', 'COUNTRY_ENGLAND', 'Kings Lynn'),
('REGION_COUNTRY_ENGLAND_LANCASTER', 'COUNTRY_ENGLAND', 'Lancaster'),
('REGION_COUNTRY_ENGLAND_LEEDS', 'COUNTRY_ENGLAND', 'Leeds'),
('REGION_COUNTRY_ENGLAND_LEICESTER', 'COUNTRY_ENGLAND', 'Leicester'),
('REGION_COUNTRY_ENGLAND_LICHFIELD', 'COUNTRY_ENGLAND', 'Lichfield'),
('REGION_COUNTRY_ENGLAND_LINCOLN', 'COUNTRY_ENGLAND', 'Lincoln'),
('REGION_COUNTRY_ENGLAND_LIVERPOOL', 'COUNTRY_ENGLAND', 'Liverpool'),
('REGION_COUNTRY_ENGLAND_LONDON', 'COUNTRY_ENGLAND', 'London'),
('REGION_COUNTRY_ENGLAND_LUTON', 'COUNTRY_ENGLAND', 'Luton'),
('REGION_COUNTRY_ENGLAND_MANCHESTER', 'COUNTRY_ENGLAND', 'Manchester'),
('REGION_COUNTRY_ENGLAND_MANSFIELD', 'COUNTRY_ENGLAND', 'Mansfield'),
('REGION_COUNTRY_ENGLAND_MIDDLESBROUGH', 'COUNTRY_ENGLAND', 'Middlesbrough'),
('REGION_COUNTRY_ENGLAND_MILTON_KEYNES', 'COUNTRY_ENGLAND', 'Milton Keynes'),
('REGION_COUNTRY_ENGLAND_MORECAMBE', 'COUNTRY_ENGLAND', 'Morecambe'),
('REGION_COUNTRY_ENGLAND_NAILSWORTH', 'COUNTRY_ENGLAND', 'Nailsworth'),
('REGION_COUNTRY_ENGLAND_NEWCASTLE_UPON_TYNE', 'COUNTRY_ENGLAND', 'Newcastle upon Tyne'),
('REGION_COUNTRY_ENGLAND_NEWQUAY', 'COUNTRY_ENGLAND', 'Newquay'),
('REGION_COUNTRY_ENGLAND_NORTHAMPTON', 'COUNTRY_ENGLAND', 'Northampton'),
('REGION_COUNTRY_ENGLAND_NORWICH', 'COUNTRY_ENGLAND', 'Norwich'),
('REGION_COUNTRY_ENGLAND_NOTTINGHAM', 'COUNTRY_ENGLAND', 'Nottingham'),
('REGION_COUNTRY_ENGLAND_OXFORD', 'COUNTRY_ENGLAND', 'Oxford'),
('REGION_COUNTRY_ENGLAND_PETERBOROUGH', 'COUNTRY_ENGLAND', 'Peterborough'),
('REGION_COUNTRY_ENGLAND_PLYMOUTH', 'COUNTRY_ENGLAND', 'Plymouth'),
('REGION_COUNTRY_ENGLAND_PORTSMOUTH', 'COUNTRY_ENGLAND', 'Portsmouth'),
('REGION_COUNTRY_ENGLAND_PRESTON', 'COUNTRY_ENGLAND', 'Preston'),
('REGION_COUNTRY_ENGLAND_READING', 'COUNTRY_ENGLAND', 'Reading'),
('REGION_COUNTRY_ENGLAND_RIPON', 'COUNTRY_ENGLAND', 'Ripon'),
('REGION_COUNTRY_ENGLAND_ROTHERHAM', 'COUNTRY_ENGLAND', 'Rotherham'),
('REGION_COUNTRY_ENGLAND_SALFORD', 'COUNTRY_ENGLAND', 'Salford'),
('REGION_COUNTRY_ENGLAND_SALISBURY', 'COUNTRY_ENGLAND', 'Salisbury'),
('REGION_COUNTRY_ENGLAND_SHEFFIELD', 'COUNTRY_ENGLAND', 'Sheffield'),
('REGION_COUNTRY_ENGLAND_SHREWSBURY', 'COUNTRY_ENGLAND', 'Shrewsbury'),
('REGION_COUNTRY_ENGLAND_SOUTHAMPTON', 'COUNTRY_ENGLAND', 'Southampton'),
('REGION_COUNTRY_ENGLAND_SOUTHEND_ON_SEA', 'COUNTRY_ENGLAND', 'Southend-on-Sea'),
('REGION_COUNTRY_ENGLAND_ST_ALBANS_CITY', 'COUNTRY_ENGLAND', 'St Albans City'),
('REGION_COUNTRY_ENGLAND_STEVENAGE', 'COUNTRY_ENGLAND', 'Stevenage'),
('REGION_COUNTRY_ENGLAND_STOCKPORT', 'COUNTRY_ENGLAND', 'Stockport'),
('REGION_COUNTRY_ENGLAND_STOKE_ON_TRENT', 'COUNTRY_ENGLAND', 'Stoke-on-Trent'),
('REGION_COUNTRY_ENGLAND_SUNDERLAND', 'COUNTRY_ENGLAND', 'Sunderland'),
('REGION_COUNTRY_ENGLAND_SWINDON', 'COUNTRY_ENGLAND', 'Swindon'),
('REGION_COUNTRY_ENGLAND_TIPTON', 'COUNTRY_ENGLAND', 'Tipton'),
('REGION_COUNTRY_ENGLAND_TRURO', 'COUNTRY_ENGLAND', 'Truro'),
('REGION_COUNTRY_ENGLAND_WAKEFIELD', 'COUNTRY_ENGLAND', 'Wakefield'),
('REGION_COUNTRY_ENGLAND_WALSALL', 'COUNTRY_ENGLAND', 'Walsall'),
('REGION_COUNTRY_ENGLAND_WATFORD', 'COUNTRY_ENGLAND', 'Watford'),
('REGION_COUNTRY_ENGLAND_WELLS', 'COUNTRY_ENGLAND', 'Wells'),
('REGION_COUNTRY_ENGLAND_WEST_BROMWICH', 'COUNTRY_ENGLAND', 'West Bromwich'),
('REGION_COUNTRY_ENGLAND_WIGAN', 'COUNTRY_ENGLAND', 'Wigan'),
('REGION_COUNTRY_ENGLAND_WINCHESTER', 'COUNTRY_ENGLAND', 'Winchester'),
('REGION_COUNTRY_ENGLAND_WOLVERHAMPTON', 'COUNTRY_ENGLAND', 'Wolverhampton'),
('REGION_COUNTRY_ENGLAND_WORCESTER', 'COUNTRY_ENGLAND', 'Worcester'),
('REGION_COUNTRY_ENGLAND_YORK', 'COUNTRY_ENGLAND', 'York'),
('REGION_COUNTRY_EQUATORIAL_GUINEA_OTHER', 'COUNTRY_EQUATORIAL_GUINEA', 'Other'),
('REGION_COUNTRY_ERITREA_OTHER', 'COUNTRY_ERITREA', 'Other'),
('REGION_COUNTRY_ESTONIA_OTHER', 'COUNTRY_ESTONIA', 'Other'),
('REGION_COUNTRY_ESWATINI_OTHER', 'COUNTRY_ESWATINI', 'Other'),
('REGION_COUNTRY_ETHIOPIA_OTHER', 'COUNTRY_ETHIOPIA', 'Other'),
('REGION_COUNTRY_FALKLAND_ISLANDS_OTHER', 'COUNTRY_FALKLAND_ISLANDS', 'Other'),
('REGION_COUNTRY_FAROE_ISLANDS_OTHER', 'COUNTRY_FAROE_ISLANDS', 'Other'),
('REGION_COUNTRY_FIJI_OTHER', 'COUNTRY_FIJI', 'Other'),
('REGION_COUNTRY_FINLAND_HELSINKI', 'COUNTRY_FINLAND', 'Helsinki'),
('REGION_COUNTRY_FRANCE_BEZIERS', 'COUNTRY_FRANCE', 'Béziers'),
('REGION_COUNTRY_FRANCE_BORDEAUX', 'COUNTRY_FRANCE', 'Bordeaux'),
('REGION_COUNTRY_FRANCE_LILLE', 'COUNTRY_FRANCE', 'Lille'),
('REGION_COUNTRY_FRANCE_LYON', 'COUNTRY_FRANCE', 'Lyon'),
('REGION_COUNTRY_FRANCE_MARSEILLE', 'COUNTRY_FRANCE', 'Marseille'),
('REGION_COUNTRY_FRANCE_MONTPELLIER', 'COUNTRY_FRANCE', 'Montpellier'),
('REGION_COUNTRY_FRANCE_NANTES', 'COUNTRY_FRANCE', 'Nantes'),
('REGION_COUNTRY_FRANCE_NICE', 'COUNTRY_FRANCE', 'Nice'),
('REGION_COUNTRY_FRANCE_PARIS', 'COUNTRY_FRANCE', 'Paris'),
('REGION_COUNTRY_FRANCE_RENNES', 'COUNTRY_FRANCE', 'Rennes'),
('REGION_COUNTRY_FRANCE_STRASBOURG', 'COUNTRY_FRANCE', 'Strasbourg'),
('REGION_COUNTRY_FRANCE_TOULOUSE', 'COUNTRY_FRANCE', 'Toulouse'),
('REGION_COUNTRY_FRENCH_POLYNESIA_OTHER', 'COUNTRY_FRENCH_POLYNESIA', 'Other'),
('REGION_COUNTRY_GABON_OTHER', 'COUNTRY_GABON', 'Other'),
('REGION_COUNTRY_GAMBIA_OTHER', 'COUNTRY_GAMBIA', 'Other'),
('REGION_COUNTRY_GEORGIA_OTHER', 'COUNTRY_GEORGIA', 'Other'),
('REGION_COUNTRY_GERMANY_BERLIN', 'COUNTRY_GERMANY', 'Berlin'),
('REGION_COUNTRY_GERMANY_BREMEN', 'COUNTRY_GERMANY', 'Bremen'),
('REGION_COUNTRY_GERMANY_COLOGNE', 'COUNTRY_GERMANY', 'Cologne'),
('REGION_COUNTRY_GERMANY_DORTMUND', 'COUNTRY_GERMANY', 'Dortmund'),
('REGION_COUNTRY_GERMANY_DRESDEN', 'COUNTRY_GERMANY', 'Dresden'),
('REGION_COUNTRY_GERMANY_DUSSELDORF', 'COUNTRY_GERMANY', 'Düsseldorf'),
('REGION_COUNTRY_GERMANY_ESSEN', 'COUNTRY_GERMANY', 'Essen'),
('REGION_COUNTRY_GERMANY_FRANKFURT', 'COUNTRY_GERMANY', 'Frankfurt'),
('REGION_COUNTRY_GERMANY_HALBERSTADT', 'COUNTRY_GERMANY', 'Halberstadt'),
('REGION_COUNTRY_GERMANY_HAMBURG', 'COUNTRY_GERMANY', 'Hamburg'),
('REGION_COUNTRY_GERMANY_LEIPZIG', 'COUNTRY_GERMANY', 'Leipzig'),
('REGION_COUNTRY_GERMANY_MUNICH', 'COUNTRY_GERMANY', 'Munich'),
('REGION_COUNTRY_GERMANY_MUNSTER', 'COUNTRY_GERMANY', 'Münster'),
('REGION_COUNTRY_GERMANY_NURNBERG', 'COUNTRY_GERMANY', 'Nürnberg'),
('REGION_COUNTRY_GERMANY_OBERHAUSEN', 'COUNTRY_GERMANY', 'Oberhausen'),
('REGION_COUNTRY_GERMANY_SCHWABACH', 'COUNTRY_GERMANY', 'Schwabach'),
('REGION_COUNTRY_GERMANY_STUTTGART', 'COUNTRY_GERMANY', 'Stuttgart'),
('REGION_COUNTRY_GHANA_KUMASI', 'COUNTRY_GHANA', 'Kumasi'),
('REGION_COUNTRY_GIBRALTAR_OTHER', 'COUNTRY_GIBRALTAR', 'Other'),
('REGION_COUNTRY_GREECE_ATHENS', 'COUNTRY_GREECE', 'Athens'),
('REGION_COUNTRY_GREENLAND_OTHER', 'COUNTRY_GREENLAND', 'Other'),
('REGION_COUNTRY_GRENADA_OTHER', 'COUNTRY_GRENADA', 'Other'),
('REGION_COUNTRY_GUAM_OTHER', 'COUNTRY_GUAM', 'Other'),
('REGION_COUNTRY_GUATEMALA_OTHER', 'COUNTRY_GUATEMALA', 'Other'),
('REGION_COUNTRY_GUINEA_OTHER', 'COUNTRY_GUINEA', 'Other'),
('REGION_COUNTRY_GUINEA_BISSAU_OTHER', 'COUNTRY_GUINEA_BISSAU', 'Other'),
('REGION_COUNTRY_GUYANA_LINDEN', 'COUNTRY_GUYANA', 'Linden'),
('REGION_COUNTRY_HAITI_OTHER', 'COUNTRY_HAITI', 'Other'),
('REGION_COUNTRY_HONDURAS_OTHER', 'COUNTRY_HONDURAS', 'Other'),
('REGION_COUNTRY_HONG_KONG_TAI_PO', 'COUNTRY_HONG_KONG', 'Tai Po'),
('REGION_COUNTRY_HUNGARY_BEKESCSABA', 'COUNTRY_HUNGARY', 'Békéscsaba'),
('REGION_COUNTRY_HUNGARY_BUDAPEST', 'COUNTRY_HUNGARY', 'Budapest'),
('REGION_COUNTRY_ICELAND_OTHER', 'COUNTRY_ICELAND', 'Other'),
('REGION_COUNTRY_INDIA_BANDIA', 'COUNTRY_INDIA', 'Bandia'),
('REGION_COUNTRY_INDIA_DABRA', 'COUNTRY_INDIA', 'Dabra'),
('REGION_COUNTRY_INDIA_DELHI', 'COUNTRY_INDIA', 'Delhi'),
('REGION_COUNTRY_INDIA_JAGADHRI', 'COUNTRY_INDIA', 'Jagadhri'),
('REGION_COUNTRY_INDIA_LUCKNOW', 'COUNTRY_INDIA', 'Lucknow'),
('REGION_COUNTRY_INDIA_PUNJAB', 'COUNTRY_INDIA', 'Punjab'),
('REGION_COUNTRY_INDONESIA_OTHER', 'COUNTRY_INDONESIA', 'Other'),
('REGION_COUNTRY_IRAN_OTHER', 'COUNTRY_IRAN', 'Other'),
('REGION_COUNTRY_IRAQ_OTHER', 'COUNTRY_IRAQ', 'Other'),
('REGION_COUNTRY_IRELAND_BRAY', 'COUNTRY_IRELAND', 'Bray'),
('REGION_COUNTRY_IRELAND_CORK', 'COUNTRY_IRELAND', 'Cork'),
('REGION_COUNTRY_IRELAND_DUBLIN', 'COUNTRY_IRELAND', 'Dublin'),
('REGION_COUNTRY_IRELAND_GALWAY', 'COUNTRY_IRELAND', 'Galway'),
('REGION_COUNTRY_IRELAND_KILKENNY', 'COUNTRY_IRELAND', 'Kilkenny'),
('REGION_COUNTRY_IRELAND_LIMERICK', 'COUNTRY_IRELAND', 'Limerick'),
('REGION_COUNTRY_IRELAND_WATERFORD', 'COUNTRY_IRELAND', 'Waterford'),
('REGION_COUNTRY_ISRAEL_TEL_AVIV', 'COUNTRY_ISRAEL', 'Tel Aviv'),
('REGION_COUNTRY_ITALY_FLORENCE', 'COUNTRY_ITALY', 'Florence'),
('REGION_COUNTRY_ITALY_MILAN', 'COUNTRY_ITALY', 'Milan'),
('REGION_COUNTRY_ITALY_NAPLES', 'COUNTRY_ITALY', 'Naples'),
('REGION_COUNTRY_ITALY_ROME', 'COUNTRY_ITALY', 'Rome'),
('REGION_COUNTRY_ITALY_TURIN', 'COUNTRY_ITALY', 'Turin'),
('REGION_COUNTRY_ITALY_VENICE', 'COUNTRY_ITALY', 'Venice'),
('REGION_COUNTRY_IVORY_COAST_OTHER', 'COUNTRY_IVORY_COAST', 'Other'),
('REGION_COUNTRY_JAMAICA_OTHER', 'COUNTRY_JAMAICA', 'Other'),
('REGION_COUNTRY_JAPAN_CHUBU', 'COUNTRY_JAPAN', 'Chūbu'),
('REGION_COUNTRY_JAPAN_CHUGOKU', 'COUNTRY_JAPAN', 'Chūgoku'),
('REGION_COUNTRY_JAPAN_HOKKAIDO', 'COUNTRY_JAPAN', 'Hokkaido'),
('REGION_COUNTRY_JAPAN_KANSAI', 'COUNTRY_JAPAN', 'Kansai'),
('REGION_COUNTRY_JAPAN_KANTO', 'COUNTRY_JAPAN', 'Kantō'),
('REGION_COUNTRY_JAPAN_KYUSHU_OKINAWA', 'COUNTRY_JAPAN', 'Kyushu & Okinawa'),
('REGION_COUNTRY_JAPAN_SHIKOKU', 'COUNTRY_JAPAN', 'Shikoku'),
('REGION_COUNTRY_JAPAN_TOHOKU', 'COUNTRY_JAPAN', 'Tōhoku'),
('REGION_COUNTRY_JORDAN_OTHER', 'COUNTRY_JORDAN', 'Other'),
('REGION_COUNTRY_KAZAKHSTAN_ASTANA', 'COUNTRY_KAZAKHSTAN', 'Astana'),
('REGION_COUNTRY_KENYA_OTHER', 'COUNTRY_KENYA', 'Other'),
('REGION_COUNTRY_KIRIBATI_OTHER', 'COUNTRY_KIRIBATI', 'Other'),
('REGION_COUNTRY_KOSOVO_OTHER', 'COUNTRY_KOSOVO', 'Other'),
('REGION_COUNTRY_KUWAIT_OTHER', 'COUNTRY_KUWAIT', 'Other'),
('REGION_COUNTRY_KYRGYZSTAN_OTHER', 'COUNTRY_KYRGYZSTAN', 'Other'),
('REGION_COUNTRY_LAOS_OTHER', 'COUNTRY_LAOS', 'Other'),
('REGION_COUNTRY_LATVIA_OTHER', 'COUNTRY_LATVIA', 'Other'),
('REGION_COUNTRY_LEBANON_OTHER', 'COUNTRY_LEBANON', 'Other'),
('REGION_COUNTRY_LESOTHO_OTHER', 'COUNTRY_LESOTHO', 'Other'),
('REGION_COUNTRY_LIBERIA_OTHER', 'COUNTRY_LIBERIA', 'Other'),
('REGION_COUNTRY_LIBYA_OTHER', 'COUNTRY_LIBYA', 'Other'),
('REGION_COUNTRY_LIECHTENSTEIN_OTHER', 'COUNTRY_LIECHTENSTEIN', 'Other'),
('REGION_COUNTRY_LITHUANIA_OTHER', 'COUNTRY_LITHUANIA', 'Other'),
('REGION_COUNTRY_LUXEMBOURG_OTHER', 'COUNTRY_LUXEMBOURG', 'Other'),
('REGION_COUNTRY_MACAU_OTHER', 'COUNTRY_MACAU', 'Other'),
('REGION_COUNTRY_MADAGASCAR_OTHER', 'COUNTRY_MADAGASCAR', 'Other'),
('REGION_COUNTRY_MALAWI_OTHER', 'COUNTRY_MALAWI', 'Other'),
('REGION_COUNTRY_MALAYSIA_OTHER', 'COUNTRY_MALAYSIA', 'Other'),
('REGION_COUNTRY_MALDIVES_OTHER', 'COUNTRY_MALDIVES', 'Other'),
('REGION_COUNTRY_MALI_OTHER', 'COUNTRY_MALI', 'Other'),
('REGION_COUNTRY_MALTA_BALZAN', 'COUNTRY_MALTA', 'Balzan'),
('REGION_COUNTRY_MARSHALL_ISLANDS_OTHER', 'COUNTRY_MARSHALL_ISLANDS', 'Other'),
('REGION_COUNTRY_MAURITANIA_OTHER', 'COUNTRY_MAURITANIA', 'Other'),
('REGION_COUNTRY_MAURITIUS_OTHER', 'COUNTRY_MAURITIUS', 'Other'),
('REGION_COUNTRY_MEXICO_AGUASCALIENTES', 'COUNTRY_MEXICO', 'Aguascalientes'),
('REGION_COUNTRY_MEXICO_BAJA_CALIFORNIA', 'COUNTRY_MEXICO', 'Baja California'),
('REGION_COUNTRY_MEXICO_CAMPECHE', 'COUNTRY_MEXICO', 'Campeche'),
('REGION_COUNTRY_MEXICO_CHIHUAHUA', 'COUNTRY_MEXICO', 'Chihuahua'),
('REGION_COUNTRY_MEXICO_CHIPAS', 'COUNTRY_MEXICO', 'Chipas'),
('REGION_COUNTRY_MEXICO_COAHULIA', 'COUNTRY_MEXICO', 'Coahulia'),
('REGION_COUNTRY_MEXICO_DURRANGO', 'COUNTRY_MEXICO', 'Durrango'),
('REGION_COUNTRY_MEXICO_GUANAJUATO', 'COUNTRY_MEXICO', 'Guanajuato'),
('REGION_COUNTRY_MEXICO_GUERRERO', 'COUNTRY_MEXICO', 'Guerrero'),
('REGION_COUNTRY_MEXICO_HIDALGO', 'COUNTRY_MEXICO', 'Hidalgo'),
('REGION_COUNTRY_MEXICO_JALISCO', 'COUNTRY_MEXICO', 'Jalisco'),
('REGION_COUNTRY_MEXICO_MEXICO_CITY', 'COUNTRY_MEXICO', 'Mexico City'),
('REGION_COUNTRY_MEXICO_MICHOACAN', 'COUNTRY_MEXICO', 'Michoacan'),
('REGION_COUNTRY_MEXICO_MORELOS', 'COUNTRY_MEXICO', 'Morelos'),
('REGION_COUNTRY_MEXICO_NAYARIT', 'COUNTRY_MEXICO', 'Nayarit'),
('REGION_COUNTRY_MEXICO_NUEVO_LEON', 'COUNTRY_MEXICO', 'Nuevo Leon'),
('REGION_COUNTRY_MEXICO_OAXACA', 'COUNTRY_MEXICO', 'Oaxaca'),
('REGION_COUNTRY_MEXICO_PUEBLA', 'COUNTRY_MEXICO', 'Puebla'),
('REGION_COUNTRY_MEXICO_QUERETARO', 'COUNTRY_MEXICO', 'Queretaro'),
('REGION_COUNTRY_MEXICO_QUINTANA_ROO', 'COUNTRY_MEXICO', 'Quintana Roo'),
('REGION_COUNTRY_MEXICO_SAN_LUIS_POTOSI', 'COUNTRY_MEXICO', 'San Luis Potosi'),
('REGION_COUNTRY_MEXICO_SINALOA', 'COUNTRY_MEXICO', 'Sinaloa'),
('REGION_COUNTRY_MEXICO_SONORA', 'COUNTRY_MEXICO', 'Sonora'),
('REGION_COUNTRY_MEXICO_TABASCO', 'COUNTRY_MEXICO', 'Tabasco'),
('REGION_COUNTRY_MEXICO_TAMAULIPAS', 'COUNTRY_MEXICO', 'Tamaulipas'),
('REGION_COUNTRY_MEXICO_TLAXCALA', 'COUNTRY_MEXICO', 'Tlaxcala'),
('REGION_COUNTRY_MEXICO_VERACRUZ', 'COUNTRY_MEXICO', 'Veracruz'),
('REGION_COUNTRY_MEXICO_YUCATAN', 'COUNTRY_MEXICO', 'Yucatan'),
('REGION_COUNTRY_MEXICO_ZACATECAS', 'COUNTRY_MEXICO', 'Zacatecas'),
('REGION_COUNTRY_MICRONESIA_OTHER', 'COUNTRY_MICRONESIA', 'Other'),
('REGION_COUNTRY_MOLDOVA_OTHER', 'COUNTRY_MOLDOVA', 'Other'),
('REGION_COUNTRY_MONACO_OTHER', 'COUNTRY_MONACO', 'Other'),
('REGION_COUNTRY_MONGOLIA_OTHER', 'COUNTRY_MONGOLIA', 'Other'),
('REGION_COUNTRY_MONTENEGRO_OTHER', 'COUNTRY_MONTENEGRO', 'Other'),
('REGION_COUNTRY_MONTSERRAT_OTHER', 'COUNTRY_MONTSERRAT', 'Other'),
('REGION_COUNTRY_MOROCCO_OTHER', 'COUNTRY_MOROCCO', 'Other'),
('REGION_COUNTRY_MOZAMBIQUE_OTHER', 'COUNTRY_MOZAMBIQUE', 'Other'),
('REGION_COUNTRY_MYANMAR_OTHER', 'COUNTRY_MYANMAR', 'Other'),
('REGION_COUNTRY_NAMIBIA_OTHER', 'COUNTRY_NAMIBIA', 'Other'),
('REGION_COUNTRY_NAURU_OTHER', 'COUNTRY_NAURU', 'Other'),
('REGION_COUNTRY_NEPAL_OTHER', 'COUNTRY_NEPAL', 'Other'),
('REGION_COUNTRY_NETHERLANDS_ALKMAAR', 'COUNTRY_NETHERLANDS', 'Alkmaar'),
('REGION_COUNTRY_NETHERLANDS_HEEG', 'COUNTRY_NETHERLANDS', 'Heeg'),
('REGION_COUNTRY_NETHERLANDS_LEEUWARDEN', 'COUNTRY_NETHERLANDS', 'Leeuwarden'),
('REGION_COUNTRY_NEW_CALEDONIA_OTHER', 'COUNTRY_NEW_CALEDONIA', 'Other'),
('REGION_COUNTRY_NEW_ZEALAND_AUCKLAND', 'COUNTRY_NEW_ZEALAND', 'Auckland'),
('REGION_COUNTRY_NICARAGUA_OTHER', 'COUNTRY_NICARAGUA', 'Other'),
('REGION_COUNTRY_NIGER_OTHER', 'COUNTRY_NIGER', 'Other'),
('REGION_COUNTRY_NIGERIA_LAGOS', 'COUNTRY_NIGERIA', 'Lagos'),
('REGION_COUNTRY_NIUE_OTHER', 'COUNTRY_NIUE', 'Other'),
('REGION_COUNTRY_NORFOLK_ISLAND_OTHER', 'COUNTRY_NORFOLK_ISLAND', 'Other'),
('REGION_COUNTRY_NORTH_KOREA_OTHER', 'COUNTRY_NORTH_KOREA', 'Other'),
('REGION_COUNTRY_NORTH_MACEDONIA_OTHER', 'COUNTRY_NORTH_MACEDONIA', 'Other'),
('REGION_COUNTRY_NORTHERN_CYPRUS_OTHER', 'COUNTRY_NORTHERN_CYPRUS', 'Other'),
('REGION_COUNTRY_NORTHERN_IRELAND_ARMAGH', 'COUNTRY_NORTHERN_IRELAND', 'Armagh'),
('REGION_COUNTRY_NORTHERN_IRELAND_BANGOR', 'COUNTRY_NORTHERN_IRELAND', 'Bangor'),
('REGION_COUNTRY_NORTHERN_IRELAND_BELFAST', 'COUNTRY_NORTHERN_IRELAND', 'Belfast'),
('REGION_COUNTRY_NORTHERN_IRELAND_DERRY', 'COUNTRY_NORTHERN_IRELAND', 'Derry'),
('REGION_COUNTRY_NORTHERN_IRELAND_LISBURN', 'COUNTRY_NORTHERN_IRELAND', 'Lisburn'),
('REGION_COUNTRY_NORTHERN_IRELAND_NEWRY', 'COUNTRY_NORTHERN_IRELAND', 'Newry'),
('REGION_COUNTRY_NORTHERN_MARIANA_ISLANDS_OTHER', 'COUNTRY_NORTHERN_MARIANA_ISLANDS', 'Other'),
('REGION_COUNTRY_NORWAY_OTHER', 'COUNTRY_NORWAY', 'Other'),
('REGION_COUNTRY_OMAN_OTHER', 'COUNTRY_OMAN', 'Other'),
('REGION_COUNTRY_PAKISTAN_OTHER', 'COUNTRY_PAKISTAN', 'Other'),
('REGION_COUNTRY_PALAU_OTHER', 'COUNTRY_PALAU', 'Other'),
('REGION_COUNTRY_PALESTINE_OTHER', 'COUNTRY_PALESTINE', 'Other'),
('REGION_COUNTRY_PANAMA_OTHER', 'COUNTRY_PANAMA', 'Other'),
('REGION_COUNTRY_PAPUA_NEW_GUINEA_OTHER', 'COUNTRY_PAPUA_NEW_GUINEA', 'Other'),
('REGION_COUNTRY_PARAGUAY_OTHER', 'COUNTRY_PARAGUAY', 'Other'),
('REGION_COUNTRY_PERU_OTHER', 'COUNTRY_PERU', 'Other'),
('REGION_COUNTRY_PHILIPPINES_CEBU', 'COUNTRY_PHILIPPINES', 'Cebu'),
('REGION_COUNTRY_PITCAIRN_ISLANDS_OTHER', 'COUNTRY_PITCAIRN_ISLANDS', 'Other'),
('REGION_COUNTRY_POLAND_MAZOVIA', 'COUNTRY_POLAND', 'Mazovia'),
('REGION_COUNTRY_POLAND_OLESNICA', 'COUNTRY_POLAND', 'Oleśnica'),
('REGION_COUNTRY_PORTUGAL_LISBON', 'COUNTRY_PORTUGAL', 'Lisbon'),
('REGION_COUNTRY_PUERTO_RICO_BAYAMON', 'COUNTRY_PUERTO_RICO', 'Bayamón'),
('REGION_COUNTRY_PUERTO_RICO_HORMIGUEROS', 'COUNTRY_PUERTO_RICO', 'Hormigueros'),
('REGION_COUNTRY_PUERTO_RICO_SAN_JUAN', 'COUNTRY_PUERTO_RICO', 'San Juan'),
('REGION_COUNTRY_PUERTO_RICO_SANTURCE', 'COUNTRY_PUERTO_RICO', 'Santurce'),
('REGION_COUNTRY_PUERTO_RICO_VEGA_BAJA', 'COUNTRY_PUERTO_RICO', 'Vega Baja'),
('REGION_COUNTRY_QATAR_OTHER', 'COUNTRY_QATAR', 'Other'),
('REGION_COUNTRY_REPUBLIC_OF_ARTSAKH_OTHER', 'COUNTRY_REPUBLIC_OF_ARTSAKH', 'Other'),
('REGION_COUNTRY_ROMANIA_OTHER', 'COUNTRY_ROMANIA', 'Other'),
('REGION_COUNTRY_RUSSIA_MOSCOW', 'COUNTRY_RUSSIA', 'Moscow'),
('REGION_COUNTRY_RWANDA_OTHER', 'COUNTRY_RWANDA', 'Other'),
('REGION_COUNTRY_SAINT_BARTHELEMY_OTHER', 'COUNTRY_SAINT_BARTHELEMY', 'Other'),
('REGION_COUNTRY_SAINT_HELENA_ASCENSION_AND_TRISTAN_DA_CUNHA_OTHER', 'COUNTRY_SAINT_HELENA_ASCENSION_AND_TRISTAN_DA_CUNHA', 'Other'),
('REGION_COUNTRY_SAINT_KITTS_AND_NEVIS_OTHER', 'COUNTRY_SAINT_KITTS_AND_NEVIS', 'Other'),
('REGION_COUNTRY_SAINT_LUCIA_OTHER', 'COUNTRY_SAINT_LUCIA', 'Other'),
('REGION_COUNTRY_SAINT_MARTIN_OTHER', 'COUNTRY_SAINT_MARTIN', 'Other'),
('REGION_COUNTRY_SAINT_PIERRE_AND_MIQUELON_OTHER', 'COUNTRY_SAINT_PIERRE_AND_MIQUELON', 'Other'),
('REGION_COUNTRY_SAINT_VINCENT_AND_THE_GRENADINES_OTHER', 'COUNTRY_SAINT_VINCENT_AND_THE_GRENADINES', 'Other'),
('REGION_COUNTRY_SAN_MARINO_OTHER', 'COUNTRY_SAN_MARINO', 'Other'),
('REGION_COUNTRY_SAO_TOME_AND_PRINCIPE_OTHER', 'COUNTRY_SAO_TOME_AND_PRINCIPE', 'Other'),
('REGION_COUNTRY_SAUDI_ARABIA_DAMMAM', 'COUNTRY_SAUDI_ARABIA', 'Dammam'),
('REGION_COUNTRY_SAUDI_ARABIA_JEDDAH', 'COUNTRY_SAUDI_ARABIA', 'Jeddah'),
('REGION_COUNTRY_SAUDI_ARABIA_RIYADH', 'COUNTRY_SAUDI_ARABIA', 'Riyadh'),
('REGION_COUNTRY_SCOTLAND_ABERDEEN', 'COUNTRY_SCOTLAND', 'Aberdeen'),
('REGION_COUNTRY_SCOTLAND_AIRDRIE', 'COUNTRY_SCOTLAND', 'Airdrie'),
('REGION_COUNTRY_SCOTLAND_ARBROATH', 'COUNTRY_SCOTLAND', 'Arbroath'),
('REGION_COUNTRY_SCOTLAND_AYR', 'COUNTRY_SCOTLAND', 'Ayr'),
('REGION_COUNTRY_SCOTLAND_DINGWALL', 'COUNTRY_SCOTLAND', 'Dingwall'),
('REGION_COUNTRY_SCOTLAND_DUMBARTON', 'COUNTRY_SCOTLAND', 'Dumbarton'),
('REGION_COUNTRY_SCOTLAND_DUNDEE', 'COUNTRY_SCOTLAND', 'Dundee'),
('REGION_COUNTRY_SCOTLAND_DUNFERMLINE', 'COUNTRY_SCOTLAND', 'Dunfermline'),
('REGION_COUNTRY_SCOTLAND_EDINBURGH', 'COUNTRY_SCOTLAND', 'Edinburgh'),
('REGION_COUNTRY_SCOTLAND_FALKIRK', 'COUNTRY_SCOTLAND', 'Falkirk'),
('REGION_COUNTRY_SCOTLAND_FIFE', 'COUNTRY_SCOTLAND', 'Fife'),
('REGION_COUNTRY_SCOTLAND_GLASGOW', 'COUNTRY_SCOTLAND', 'Glasgow'),
('REGION_COUNTRY_SCOTLAND_GREENOCK', 'COUNTRY_SCOTLAND', 'Greenock'),
('REGION_COUNTRY_SCOTLAND_HAMILTON', 'COUNTRY_SCOTLAND', 'Hamilton'),
('REGION_COUNTRY_SCOTLAND_INVERNESS', 'COUNTRY_SCOTLAND', 'Inverness'),
('REGION_COUNTRY_SCOTLAND_KILMARNOCK', 'COUNTRY_SCOTLAND', 'Kilmarnock'),
('REGION_COUNTRY_SCOTLAND_LIVINGSTON', 'COUNTRY_SCOTLAND', 'Livingston'),
('REGION_COUNTRY_SCOTLAND_MOTHERWELL', 'COUNTRY_SCOTLAND', 'Motherwell'),
('REGION_COUNTRY_SCOTLAND_PAISLEY', 'COUNTRY_SCOTLAND', 'Paisley'),
('REGION_COUNTRY_SCOTLAND_PERTH', 'COUNTRY_SCOTLAND', 'Perth'),
('REGION_COUNTRY_SCOTLAND_STIRLING', 'COUNTRY_SCOTLAND', 'Stirling'),
('REGION_COUNTRY_SENEGAL_OTHER', 'COUNTRY_SENEGAL', 'Other'),
('REGION_COUNTRY_SERBIA_OTHER', 'COUNTRY_SERBIA', 'Other'),
('REGION_COUNTRY_SEYCHELLES_OTHER', 'COUNTRY_SEYCHELLES', 'Other'),
('REGION_COUNTRY_SIERRA_LEONE_OTHER', 'COUNTRY_SIERRA_LEONE', 'Other'),
('REGION_COUNTRY_SINGAPORE_OTHER', 'COUNTRY_SINGAPORE', 'Other'),
('REGION_COUNTRY_SINT_MAARTEN_OTHER', 'COUNTRY_SINT_MAARTEN', 'Other'),
('REGION_COUNTRY_SLOVAKIA_OTHER', 'COUNTRY_SLOVAKIA', 'Other'),
('REGION_COUNTRY_SLOVENIA_OTHER', 'COUNTRY_SLOVENIA', 'Other'),
('REGION_COUNTRY_SOLOMON_ISLANDS_OTHER', 'COUNTRY_SOLOMON_ISLANDS', 'Other'),
('REGION_COUNTRY_SOMALIA_OTHER', 'COUNTRY_SOMALIA', 'Other'),
('REGION_COUNTRY_SOUTH_AFRICA_CAPE_TOWN', 'COUNTRY_SOUTH_AFRICA', 'Cape Town'),
('REGION_COUNTRY_SOUTH_AFRICA_JOHANNESBURG', 'COUNTRY_SOUTH_AFRICA', 'Johannesburg'),
('REGION_COUNTRY_SOUTH_KOREA_SEOUL', 'COUNTRY_SOUTH_KOREA', 'Seoul'),
('REGION_COUNTRY_SOUTH_OSSETIA_OTHER', 'COUNTRY_SOUTH_OSSETIA', 'Other'),
('REGION_COUNTRY_SOUTH_SUDAN_OTHER', 'COUNTRY_SOUTH_SUDAN', 'Other'),
('REGION_COUNTRY_SPAIN_BARCELONA', 'COUNTRY_SPAIN', 'Barcelona'),
('REGION_COUNTRY_SPAIN_CADIZ', 'COUNTRY_SPAIN', 'Cádiz'),
('REGION_COUNTRY_SPAIN_MADRID', 'COUNTRY_SPAIN', 'Madrid'),
('REGION_COUNTRY_SPAIN_MALAGA', 'COUNTRY_SPAIN', 'Málaga'),
('REGION_COUNTRY_SPAIN_SEVILLE', 'COUNTRY_SPAIN', 'Seville'),
('REGION_COUNTRY_SPAIN_VALENCIA', 'COUNTRY_SPAIN', 'Valencia'),
('REGION_COUNTRY_SPAIN_ZARAGOZA', 'COUNTRY_SPAIN', 'Zaragoza'),
('REGION_COUNTRY_SRI_LANKA_OTHER', 'COUNTRY_SRI_LANKA', 'Other'),
('REGION_COUNTRY_SUDAN_OTHER', 'COUNTRY_SUDAN', 'Other'),
('REGION_COUNTRY_SURINAME_OTHER', 'COUNTRY_SURINAME', 'Other'),
('REGION_COUNTRY_SWEDEN_STOCKHOLM', 'COUNTRY_SWEDEN', 'Stockholm'),
('REGION_COUNTRY_SWITZERLAND_LUCERNE', 'COUNTRY_SWITZERLAND', 'Lucerne'),
('REGION_COUNTRY_SWITZERLAND_ZURICH', 'COUNTRY_SWITZERLAND', 'Zürich'),
('REGION_COUNTRY_SYRIA_OTHER', 'COUNTRY_SYRIA', 'Other'),
('REGION_COUNTRY_TAIWAN_OTHER', 'COUNTRY_TAIWAN', 'Other'),
('REGION_COUNTRY_TAJIKISTAN_OTHER', 'COUNTRY_TAJIKISTAN', 'Other'),
('REGION_COUNTRY_TANZANIA_OTHER', 'COUNTRY_TANZANIA', 'Other'),
('REGION_COUNTRY_THAILAND_OTHER', 'COUNTRY_THAILAND', 'Other'),
('REGION_COUNTRY_TOGO_OTHER', 'COUNTRY_TOGO', 'Other'),
('REGION_COUNTRY_TOKELAU_OTHER', 'COUNTRY_TOKELAU', 'Other'),
('REGION_COUNTRY_TONGA_NUKUALOFA', 'COUNTRY_TONGA', 'Nukuʻalofa'),
('REGION_COUNTRY_TRINIDAD_AND_TOBAGO_OTHER', 'COUNTRY_TRINIDAD_AND_TOBAGO', 'Other'),
('REGION_COUNTRY_TUNISIA_OTHER', 'COUNTRY_TUNISIA', 'Other'),
('REGION_COUNTRY_TURKEY_OTHER', 'COUNTRY_TURKEY', 'Other'),
('REGION_COUNTRY_TURKMENISTAN_OTHER', 'COUNTRY_TURKMENISTAN', 'Other'),
('REGION_COUNTRY_TURKS_AND_CAICOS_ISLANDS_OTHER', 'COUNTRY_TURKS_AND_CAICOS_ISLANDS', 'Other'),
('REGION_COUNTRY_TUVALU_OTHER', 'COUNTRY_TUVALU', 'Other'),
('REGION_COUNTRY_U_S_VIRGIN_ISLANDS_OTHER', 'COUNTRY_U_S_VIRGIN_ISLANDS', 'Other'),
('REGION_COUNTRY_UGANDA_OTHER', 'COUNTRY_UGANDA', 'Other'),
('REGION_COUNTRY_UKRAINE_KIEV', 'COUNTRY_UKRAINE', 'Kiev'),
('REGION_COUNTRY_UNITED_ARAB_EMIRATES_OTHER', 'COUNTRY_UNITED_ARAB_EMIRATES', 'Other'),
('REGION_COUNTRY_UNITED_STATES_ALABAMA', 'COUNTRY_UNITED_STATES', 'Alabama'),
('REGION_COUNTRY_UNITED_STATES_ALASKA', 'COUNTRY_UNITED_STATES', 'Alaska'),
('REGION_COUNTRY_UNITED_STATES_ARIZONA', 'COUNTRY_UNITED_STATES', 'Arizona'),
('REGION_COUNTRY_UNITED_STATES_ARKANSAS', 'COUNTRY_UNITED_STATES', 'Arkansas'),
('REGION_COUNTRY_UNITED_STATES_CALIFORNIA', 'COUNTRY_UNITED_STATES', 'California'),
('REGION_COUNTRY_UNITED_STATES_COLORADO', 'COUNTRY_UNITED_STATES', 'Colorado'),
('REGION_COUNTRY_UNITED_STATES_CONNECTICUT', 'COUNTRY_UNITED_STATES', 'Connecticut'),
('REGION_COUNTRY_UNITED_STATES_DELAWARE', 'COUNTRY_UNITED_STATES', 'Delaware'),
('REGION_COUNTRY_UNITED_STATES_FLORIDA', 'COUNTRY_UNITED_STATES', 'Florida'),
('REGION_COUNTRY_UNITED_STATES_GEORGIA', 'COUNTRY_UNITED_STATES', 'Georgia'),
('REGION_COUNTRY_UNITED_STATES_HAWAII', 'COUNTRY_UNITED_STATES', 'Hawaii'),
('REGION_COUNTRY_UNITED_STATES_IDAHO', 'COUNTRY_UNITED_STATES', 'Idaho'),
('REGION_COUNTRY_UNITED_STATES_ILLINOIS', 'COUNTRY_UNITED_STATES', 'Illinois'),
('REGION_COUNTRY_UNITED_STATES_INDIANA', 'COUNTRY_UNITED_STATES', 'Indiana'),
('REGION_COUNTRY_UNITED_STATES_IOWA', 'COUNTRY_UNITED_STATES', 'Iowa'),
('REGION_COUNTRY_UNITED_STATES_KANSAS', 'COUNTRY_UNITED_STATES', 'Kansas'),
('REGION_COUNTRY_UNITED_STATES_KENTUCKY', 'COUNTRY_UNITED_STATES', 'Kentucky'),
('REGION_COUNTRY_UNITED_STATES_LOUISIANA', 'COUNTRY_UNITED_STATES', 'Louisiana'),
('REGION_COUNTRY_UNITED_STATES_MAINE', 'COUNTRY_UNITED_STATES', 'Maine'),
('REGION_COUNTRY_UNITED_STATES_MARYLAND', 'COUNTRY_UNITED_STATES', 'Maryland'),
('REGION_COUNTRY_UNITED_STATES_MASSACHUSETTS', 'COUNTRY_UNITED_STATES', 'Massachusetts'),
('REGION_COUNTRY_UNITED_STATES_MICHIGAN', 'COUNTRY_UNITED_STATES', 'Michigan'),
('REGION_COUNTRY_UNITED_STATES_MINNESOTA', 'COUNTRY_UNITED_STATES', 'Minnesota'),
('REGION_COUNTRY_UNITED_STATES_MISSISSIPPI', 'COUNTRY_UNITED_STATES', 'Mississippi'),
('REGION_COUNTRY_UNITED_STATES_MISSOURI', 'COUNTRY_UNITED_STATES', 'Missouri'),
('REGION_COUNTRY_UNITED_STATES_MONTANA', 'COUNTRY_UNITED_STATES', 'Montana'),
('REGION_COUNTRY_UNITED_STATES_NEBRASKA', 'COUNTRY_UNITED_STATES', 'Nebraska'),
('REGION_COUNTRY_UNITED_STATES_NEVADA', 'COUNTRY_UNITED_STATES', 'Nevada'),
('REGION_COUNTRY_UNITED_STATES_NEW_HAMPSHIRE', 'COUNTRY_UNITED_STATES', 'New Hampshire'),
('REGION_COUNTRY_UNITED_STATES_NEW_JERSEY', 'COUNTRY_UNITED_STATES', 'New Jersey'),
('REGION_COUNTRY_UNITED_STATES_NEW_MEXICO', 'COUNTRY_UNITED_STATES', 'New Mexico'),
('REGION_COUNTRY_UNITED_STATES_NEW_YORK', 'COUNTRY_UNITED_STATES', 'New York'),
('REGION_COUNTRY_UNITED_STATES_NORTH_CAROLINA', 'COUNTRY_UNITED_STATES', 'North Carolina'),
('REGION_COUNTRY_UNITED_STATES_NORTH_DAKOTA', 'COUNTRY_UNITED_STATES', 'North Dakota'),
('REGION_COUNTRY_UNITED_STATES_OHIO', 'COUNTRY_UNITED_STATES', 'Ohio'),
('REGION_COUNTRY_UNITED_STATES_OKLAHOMA', 'COUNTRY_UNITED_STATES', 'Oklahoma'),
('REGION_COUNTRY_UNITED_STATES_OREGON', 'COUNTRY_UNITED_STATES', 'Oregon'),
('REGION_COUNTRY_UNITED_STATES_PENNSYLVANIA', 'COUNTRY_UNITED_STATES', 'Pennsylvania'),
('REGION_COUNTRY_UNITED_STATES_RHODE_ISLAND', 'COUNTRY_UNITED_STATES', 'Rhode Island'),
('REGION_COUNTRY_UNITED_STATES_SOUTH_CAROLINA', 'COUNTRY_UNITED_STATES', 'South Carolina'),
('REGION_COUNTRY_UNITED_STATES_SOUTH_DAKOTA', 'COUNTRY_UNITED_STATES', 'South Dakota'),
('REGION_COUNTRY_UNITED_STATES_TENNESSEE', 'COUNTRY_UNITED_STATES', 'Tennessee'),
('REGION_COUNTRY_UNITED_STATES_TEXAS', 'COUNTRY_UNITED_STATES', 'Texas'),
('REGION_COUNTRY_UNITED_STATES_UTAH', 'COUNTRY_UNITED_STATES', 'Utah'),
('REGION_COUNTRY_UNITED_STATES_VERMONT', 'COUNTRY_UNITED_STATES', 'Vermont'),
('REGION_COUNTRY_UNITED_STATES_VIRGINIA', 'COUNTRY_UNITED_STATES', 'Virginia'),
('REGION_COUNTRY_UNITED_STATES_WASHINGTON', 'COUNTRY_UNITED_STATES', 'Washington'),
('REGION_COUNTRY_UNITED_STATES_WEST_VIRGINIA', 'COUNTRY_UNITED_STATES', 'West Virginia'),
('REGION_COUNTRY_UNITED_STATES_WISCONSIN', 'COUNTRY_UNITED_STATES', 'Wisconsin'),
('REGION_COUNTRY_UNITED_STATES_WYOMING', 'COUNTRY_UNITED_STATES', 'Wyoming'),
('REGION_COUNTRY_URUGUAY_OTHER', 'COUNTRY_URUGUAY', 'Other'),
('REGION_COUNTRY_UZBEKISTAN_OTHER', 'COUNTRY_UZBEKISTAN', 'Other'),
('REGION_COUNTRY_VANUATU_OTHER', 'COUNTRY_VANUATU', 'Other'),
('REGION_COUNTRY_VENEZUELA_OTHER', 'COUNTRY_VENEZUELA', 'Other'),
('REGION_COUNTRY_VIETNAM_OTHER', 'COUNTRY_VIETNAM', 'Other'),
('REGION_COUNTRY_WALES_BANGOR', 'COUNTRY_WALES', 'Bangor'),
('REGION_COUNTRY_WALES_CARDIFF', 'COUNTRY_WALES', 'Cardiff'),
('REGION_COUNTRY_WALES_CONNAH_S_QUAY', 'COUNTRY_WALES', 'Connah''s Quay'),
('REGION_COUNTRY_WALES_NEWPORT', 'COUNTRY_WALES', 'Newport'),
('REGION_COUNTRY_WALES_ST_ASAPH', 'COUNTRY_WALES', 'St Asaph'),
('REGION_COUNTRY_WALES_ST_DAVIDS', 'COUNTRY_WALES', 'St Davids'),
('REGION_COUNTRY_WALES_SWANSEA', 'COUNTRY_WALES', 'Swansea'),
('REGION_COUNTRY_WALES_WREXHAM', 'COUNTRY_WALES', 'Wrexham'),
('REGION_COUNTRY_WALLIS_AND_FUTUNA_OTHER', 'COUNTRY_WALLIS_AND_FUTUNA', 'Other'),
('REGION_COUNTRY_WESTERN_SAHARA_OTHER', 'COUNTRY_WESTERN_SAHARA', 'Other'),
('REGION_COUNTRY_YEMEN_OTHER', 'COUNTRY_YEMEN', 'Other'),
('REGION_COUNTRY_ZAMBIA_OTHER', 'COUNTRY_ZAMBIA', 'Other'),
('REGION_COUNTRY_ZIMBABWE_OTHER', 'COUNTRY_ZIMBABWE', 'Other');

COMMIT;
